Name,Count
Liam,"20,802"
Noah,"18,995"
Oliver,"14,741"
James,"11,670"
Elijah,"11,452"
Mateo,"11,229"
Theodore,"11,041"
Henry,"10,941"
Lucas,"10,842"
William,"10,598"
Benjamin,"10,172"
Levi,"9,347"
Sebastian,"8,865"
Jack,"8,683"
Ezra,"8,437"
Michael,"8,383"
Daniel,"8,356"
Leo,"8,120"
Owen,"7,985"
Samuel,"7,973"
Hudson,"7,935"
Alexander,"7,875"
Asher,"7,853"
Luca,"7,770"
Ethan,"7,763"
John,"7,750"
David,"7,354"
Jackson,"7,284"
Joseph,"7,237"
Mason,"7,237"
Luke,"7,217"
Matthew,"7,190"
Julian,"7,078"
Dylan,"7,054"
Elias,"6,980"
Jacob,"6,976"
Maverick,"6,962"
Gabriel,"6,745"
Logan,"6,686"
Aiden,"6,675"
Thomas,"6,598"
Isaac,"6,581"
Miles,"6,558"
Grayson,"6,449"
Santiago,"6,328"
Anthony,"6,237"
Wyatt,"6,237"
Carter,"5,847"
Jayden,"5,627"
Ezekiel,"5,569"
Caleb,"5,488"
Cooper,"5,425"
Josiah,"5,404"
Charles,"5,395"
Christopher,"5,171"
Isaiah,"5,121"
Nolan,"5,112"
Cameron,"5,069"
Nathan,"5,049"
Joshua,"5,035"
Kai,"4,946"
Waylon,"4,881"
Angel,"4,865"
Lincoln,"4,842"
Andrew,"4,781"
Roman,"4,777"
Adrian,"4,646"
Aaron,"4,551"
Wesley,"4,539"
Ian,"4,538"
Thiago,"4,505"
Axel,"4,498"
Brooks,"4,469"
Bennett,"4,411"
Weston,"4,356"
Rowan,"4,195"
Christian,"4,125"
Theo,"4,122"
Beau,"4,090"
Eli,"4,081"
Silas,"4,070"
Jonathan,"4,066"
Ryan,"4,020"
Leonardo,"4,012"
Walker,"4,006"
Jaxon,"3,918"
Micah,"3,875"
Everett,"3,808"
Robert,"3,807"
Enzo,"3,796"
Parker,"3,792"
Jeremiah,"3,750"
Jose,"3,704"
Colton,"3,696"
Luka,"3,650"
Easton,"3,637"
Landon,"3,637"
Jordan,"3,632"
Amir,"3,620"
Gael,"3,616"
Austin,"3,475"
Adam,"3,474"
Jameson,"3,471"
August,"3,439"
Xavier,"3,413"
Myles,"3,399"
Dominic,"3,395"
Damian,"3,281"
Nicholas,"3,242"
Jace,"3,203"
Carson,"3,200"
Atlas,"3,197"
Adriel,"3,185"
Kayden,"3,120"
Hunter,"3,110"
River,"3,084"
Greyson,"3,065"
Emmett,"3,061"
Harrison,"3,060"
Vincent,"2,982"
Milo,"2,950"
Jasper,"2,933"
Giovanni,"2,911"
Jonah,"2,874"
Zion,"2,867"
Connor,"2,855"
Sawyer,"2,833"
Arthur,"2,823"
Ryder,"2,822"
Archer,"2,819"
Lorenzo,"2,810"
Declan,"2,799"
Emiliano,"2,778"
Luis,"2,760"
Diego,"2,734"
George,"2,689"
Evan,"2,581"
Jaxson,"2,556"
Carlos,"2,546"
Graham,"2,533"
Juan,"2,526"
Kingston,"2,511"
Nathaniel,"2,507"
Matteo,"2,503"
Legend,"2,492"
Malachi,"2,466"
Jason,"2,456"
Leon,"2,447"
Dawson,"2,439"
Bryson,"2,434"
Amari,"2,410"
Calvin,"2,403"
Ivan,"2,384"
Chase,"2,378"
Cole,"2,359"
Ashton,"2,330"
Ace,"2,314"
Arlo,"2,297"
Dean,"2,281"
Brayden,"2,274"
Jude,"2,258"
Hayden,"2,219"
Max,"2,197"
Matias,"2,191"
Rhett,"2,183"
Jayce,"2,166"
Elliott,"2,160"
Alan,"2,159"
Braxton,"2,128"
Kaiden,"2,126"
Zachary,"2,112"
Jesus,"2,102"
Emmanuel,"2,100"
Adonis,"2,093"
Charlie,"2,091"
Judah,"2,079"
Tyler,"2,064"
Elliot,"2,060"
Antonio,"2,018"
Emilio,"2,012"
Camden,"2,009"
Stetson,"1,987"
Maxwell,"1,983"
Ryker,"1,976"
Justin,"1,925"
Kevin,"1,914"
Messiah,"1,909"
Finn,"1,907"
Bentley,"1,906"
Ayden,"1,904"
Zayden,"1,898"
Felix,"1,894"
Nicolas,"1,886"
Miguel,"1,883"
Maddox,"1,878"
Beckett,"1,865"
Tate,"1,845"
Caden,"1,835"
Beckham,"1,829"
Andres,"1,827"
Alejandro,"1,825"
Alex,"1,806"
Jesse,"1,804"
Brody,"1,803"
Tucker,"1,802"
Jett,"1,781"
Barrett,"1,780"
Knox,"1,770"
Hayes,"1,746"
Peter,"1,738"
Timothy,"1,733"
Joel,"1,728"
Edward,"1,723"
Griffin,"1,722"
Xander,"1,700"
Oscar,"1,693"
Victor,"1,687"
Abraham,"1,681"
Brandon,"1,654"
Abel,"1,648"
Richard,"1,638"
Callum,"1,636"
Riley,"1,627"
Patrick,"1,596"
Karter,"1,590"
Malakai,"1,568"
Eric,"1,541"
Grant,"1,539"
Israel,"1,530"
Milan,"1,516"
Gavin,"1,512"
Rafael,"1,508"
Tatum,"1,492"
Kairo,"1,484"
Elian,"1,483"
Kyrie,"1,474"
Louis,"1,474"
Lukas,"1,472"
Javier,"1,462"
Nico,"1,462"
Avery,"1,456"
Rory,"1,442"
Aziel,"1,428"
Ismael,"1,421"
Jeremy,"1,413"
Zayn,"1,413"
Cohen,"1,404"
Simon,"1,398"
Marcus,"1,394"
Steven,"1,387"
Mark,"1,386"
Dallas,"1,375"
Tristan,"1,373"
Lane,"1,371"
Blake,"1,366"
Paul,"1,351"
Paxton,"1,351"
Bryce,"1,346"
Nash,"1,328"
Crew,"1,316"
Kash,"1,316"
Kenneth,"1,314"
Omar,"1,306"
Colt,"1,298"
Lennox,"1,281"
King,"1,276"
Walter,"1,272"
Emerson,"1,258"
Phoenix,"1,243"
Jaylen,"1,240"
Derek,"1,238"
Muhammad,"1,237"
Ellis,"1,228"
Kaleb,"1,228"
Preston,"1,228"
Jorge,"1,221"
Zane,"1,220"
Kayson,"1,217"
Cade,"1,214"
Tobias,"1,213"
Otto,"1,191"
Kaden,"1,188"
Remington,"1,184"
Atticus,"1,181"
Finley,"1,171"
Holden,"1,171"
Jax,"1,155"
Cash,"1,147"
Martin,"1,147"
Ronan,"1,145"
Maximiliano,"1,143"
Malcolm,"1,128"
Romeo,"1,123"
Josue,"1,122"
Francisco,"1,121"
Bodhi,"1,117"
Cyrus,"1,117"
Koa,"1,115"
Angelo,"1,114"
Aidan,"1,111"
Jensen,"1,108"
Erick,"1,104"
Hendrix,"1,084"
Warren,"1,080"
Bryan,"1,079"
Cody,"1,078"
Leonel,"1,070"
Onyx,"1,069"
Ali,"1,065"
Andre,"1,063"
Jaziel,"1,063"
Clayton,"1,062"
Saint,"1,059"
Dante,"1,058"
Reid,"1,058"
Casey,"1,050"
Brian,"1,044"
Gideon,"1,034"
Niko,"1,033"
Maximus,"1,032"
Colter,"1,031"
Kyler,"1,031"
Brady,"1,030"
Zyaire,"1,029"
Cristian,"1,024"
Cayden,"1,022"
Harvey,"1,022"
Cruz,"1,012"
Dakota,"1,009"
Damien,"1,009"
Manuel,"1,006"
Anderson,"1,005"
Cairo,"1,003"
Colin,"1,001"
Joaquin,997
Ezequiel,988
Karson,984
Callan,983
Briggs,982
Khalil,979
Wade,971
Jared,968
Fernando,967
Ari,964
Colson,948
Kylian,948
Archie,940
Banks,938
Bowen,934
Kade,933
Daxton,928
Jaden,927
Rhys,924
Sonny,924
Zander,924
Eduardo,920
Iker,915
Sullivan,914
Bradley,904
Raymond,900
Odin,897
Spencer,897
Stephen,892
Prince,885
Brantley,884
Killian,883
Kamari,882
Cesar,879
Dariel,877
Eithan,874
Mathias,874
Ricardo,873
Orion,861
Titus,858
Luciano,855
Rylan,852
Pablo,850
Chance,847
Travis,840
Kohen,837
Marco,833
Jay,831
Malik,831
Hector,828
Edwin,824
Armani,822
Bodie,822
Shiloh,815
Marshall,813
Remy,813
Russell,813
Baylor,812
Kameron,812
Tyson,807
Grady,800
Oakley,799
Baker,798
Winston,797
Kane,792
Julius,791
Desmond,789
Royal,789
Sterling,789
Mario,787
Kylo,786
Sergio,782
Jake,781
Kashton,781
Shepherd,779
Franklin,776
Ibrahim,774
Ares,772
Koda,771
Lawson,768
Hugo,765
Kyle,754
Kyson,754
Kobe,753
Pedro,753
Santino,752
Wilder,752
Sage,750
Raiden,747
Damon,742
Nasir,739
Sean,739
Forrest,737
Kian,732
Reed,724
Tanner,720
Jalen,719
Apollo,717
Zayne,717
Nehemiah,716
Edgar,714
Johnny,711
Clark,707
Eden,706
Gunner,705
Isaias,700
Esteban,698
Hank,697
Alijah,696
Solomon,696
Wells,696
Sutton,695
Royce,694
Callen,686
Reece,686
Gianni,685
Noel,685
Quinn,685
Raphael,680
Corbin,675
Erik,675
Tripp,671
Atreus,670
Francis,670
Kayce,666
Callahan,662
Devin,662
Troy,662
Sylas,657
Fabian,656
Zaire,654
Donovan,649
Johnathan,647
Frank,646
Lewis,645
Moshe,644
Adan,643
Alexis,641
Tadeo,640
Ronin,638
Marcos,637
Kieran,634
Leonidas,634
Bo,630
Kendrick,630
Ruben,627
Camilo,626
Garrett,624
Matthias,623
Emanuel,620
Jeffrey,617
Collin,613
Lucian,611
Augustus,610
Memphis,610
Rowen,610
Yusuf,610
Finnegan,608
Makai,608
Lionel,607
Caiden,606
Rodrigo,606
Uriel,606
Lucca,605
Philip,605
Andy,603
Olivia,"15,270"
Emma,"13,527"
Charlotte,"12,596"
Amelia,"12,311"
Sophia,"11,944"
Mia,"11,359"
Isabella,"10,808"
Ava,"9,682"
Evelyn,"9,082"
Luna,"7,811"
Harper,"7,769"
Sofia,"7,641"
Camila,"7,565"
Eleanor,"6,739"
Elizabeth,"6,566"
Violet,"6,342"
Scarlett,"6,288"
Emily,"6,154"
Hazel,"6,154"
Lily,"6,146"
Gianna,"6,129"
Aurora,"6,054"
Penelope,"6,041"
Aria,"5,996"
Nora,"5,994"
Chloe,"5,960"
Ellie,"5,951"
Mila,"5,895"
Avery,"5,859"
Layla,"5,678"
Abigail,"5,661"
Ella,"5,643"
Isla,"5,357"
Eliana,"5,329"
Nova,"5,248"
Madison,"5,160"
Zoe,"5,160"
Ivy,"5,036"
Grace,"4,886"
Lucy,"4,858"
Willow,"4,727"
Emilia,"4,670"
Riley,"4,617"
Naomi,"4,456"
Victoria,"4,434"
Stella,"4,357"
Elena,"4,261"
Hannah,"4,102"
Valentina,"4,075"
Maya,"4,067"
Zoey,"4,040"
Delilah,"4,031"
Leah,"3,953"
Lainey,"3,928"
Lillian,"3,927"
Paisley,"3,727"
Genesis,"3,651"
Madelyn,"3,632"
Sadie,"3,586"
Sophie,"3,578"
Leilani,"3,543"
Addison,"3,520"
Natalie,"3,418"
Josephine,"3,347"
Alice,"3,336"
Ruby,"3,333"
Claire,"3,195"
Kinsley,"3,188"
Everly,"3,159"
Emery,"3,104"
Adeline,"3,074"
Kennedy,"3,069"
Maeve,"3,046"
Audrey,"3,032"
Autumn,"3,001"
Athena,"2,984"
Eden,"2,924"
Iris,"2,921"
Anna,"2,918"
Eloise,"2,916"
Jade,"2,908"
Maria,"2,893"
Caroline,"2,859"
Brooklyn,"2,850"
Quinn,"2,846"
Aaliyah,"2,845"
Vivian,"2,801"
Liliana,"2,787"
Gabriella,"2,782"
Hailey,"2,776"
Sarah,"2,749"
Savannah,"2,739"
Cora,"2,738"
Madeline,"2,726"
Natalia,"2,717"
Ariana,"2,716"
Lydia,"2,716"
Lyla,"2,651"
Clara,"2,648"
Allison,"2,641"
Aubrey,"2,573"
Millie,"2,559"
Melody,"2,557"
Ayla,"2,552"
Serenity,"2,548"
Bella,"2,540"
Skylar,"2,522"
Josie,"2,504"
Lucia,"2,432"
Daisy,"2,412"
Raelynn,"2,406"
Eva,"2,405"
Juniper,"2,382"
Samantha,"2,363"
Elliana,"2,358"
Eliza,"2,350"
Rylee,"2,328"
Nevaeh,"2,326"
Hadley,"2,304"
Alaia,"2,300"
Parker,"2,293"
Julia,"2,290"
Amara,"2,273"
Rose,"2,237"
Charlie,"2,235"
Ashley,"2,174"
Remi,"2,170"
Georgia,"2,157"
Adalynn,"2,148"
Melanie,"2,114"
Amira,"2,099"
Margaret,"2,070"
Piper,"2,066"
Brielle,"2,064"
Mary,"2,062"
Freya,"2,061"
Cecilia,"2,050"
Esther,"2,008"
Arya,"2,002"
Sienna,"1,989"
Summer,"1,960"
Peyton,"1,953"
Sage,"1,945"
Valerie,"1,944"
Magnolia,"1,942"
Emersyn,"1,930"
Catalina,"1,928"
Margot,"1,923"
Everleigh,"1,920"
Alina,"1,895"
Sloane,"1,890"
Brianna,"1,875"
Oakley,"1,874"
Valeria,"1,860"
Blakely,"1,854"
Kehlani,"1,854"
Oaklynn,"1,815"
Ximena,"1,809"
Isabelle,"1,785"
Juliette,"1,785"
Emerson,"1,764"
Amaya,"1,750"
Elsie,"1,749"
Isabel,"1,743"
Mackenzie,"1,737"
Genevieve,"1,734"
Anastasia,"1,725"
Reagan,"1,721"
Katherine,"1,697"
Ember,"1,696"
June,"1,694"
Bailey,"1,678"
Andrea,"1,671"
Reese,"1,663"
Wrenley,"1,654"
Gemma,"1,649"
Ada,"1,647"
Alani,"1,647"
Callie,"1,646"
Kaylee,"1,641"
Olive,"1,640"
Rosalie,"1,640"
Myla,"1,638"
Alana,"1,614"
Ariella,"1,613"
Kaia,"1,608"
Ruth,"1,594"
Arianna,"1,587"
Sara,"1,587"
Jasmine,"1,585"
Phoebe,"1,580"
Adaline,"1,578"
River,"1,577"
Hallie,"1,553"
Adalyn,"1,538"
Wren,"1,537"
Presley,"1,517"
Lilah,"1,493"
Alora,"1,488"
Amy,"1,483"
Norah,"1,479"
Annie,"1,477"
Zuri,"1,471"
Alexandra,"1,467"
Sutton,"1,456"
Noelle,"1,451"
Kylie,"1,439"
Molly,"1,430"
Lia,"1,425"
Journee,"1,423"
Leia,"1,421"
Evangeline,"1,407"
Lila,"1,395"
Aspen,"1,387"
Saylor,"1,387"
Khloe,"1,381"
Aitana,"1,364"
Alaina,"1,356"
Haven,"1,353"
Aliyah,"1,346"
Blake,"1,346"
Kimberly,"1,329"
Vera,"1,328"
Ana,"1,327"
Kailani,"1,315"
Tatum,"1,314"
Arabella,"1,313"
Diana,"1,307"
Selena,"1,304"
Kiara,"1,302"
Harmony,"1,297"
Lilith,"1,294"
Rowan,"1,285"
Delaney,"1,283"
Vivienne,"1,283"
Zara,"1,282"
Collins,"1,269"
Harlow,"1,266"
Blair,"1,263"
Leila,"1,263"
Daphne,"1,257"
Faith,"1,256"
Lennon,"1,255"
Stevie,"1,252"
Mariana,"1,249"
Kaylani,"1,246"
Morgan,"1,245"
Juliana,"1,240"
Gracie,"1,237"
Nyla,"1,236"
Miriam,"1,234"
Daniela,"1,230"
Dahlia,"1,219"
Brynlee,"1,210"
Rachel,"1,209"
Angela,"1,205"
Lilly,"1,194"
Kamila,"1,192"
Samara,"1,190"
Ryleigh,"1,186"
Taylor,"1,185"
Dakota,"1,183"
Lola,"1,183"
Talia,"1,181"
Evie,"1,170"
Jordyn,"1,170"
Ophelia,"1,166"
Camille,"1,158"
Gia,"1,155"
Milani,"1,154"
Lena,"1,149"
Elaina,"1,147"
Malia,"1,144"
Elise,"1,142"
Celeste,"1,133"
Londyn,"1,131"
Palmer,"1,129"
Mabel,"1,125"
Octavia,"1,123"
Sawyer,"1,120"
Jane,"1,108"
Finley,"1,106"
Marley,"1,104"
Adelaide,"1,103"
Lucille,"1,102"
Shiloh,"1,099"
Antonella,"1,092"
Ariel,"1,092"
Poppy,"1,072"
Kali,"1,066"
Elianna,"1,065"
Juliet,"1,061"
Maisie,"1,059"
Cataleya,"1,054"
Danna,"1,052"
Aubree,"1,044"
Gabriela,"1,041"
Noa,"1,041"
Brooke,"1,032"
Celine,"1,026"
Alessia,"1,021"
Hope,"1,011"
Selah,"1,010"
Vanessa,"1,010"
Rory,"1,005"
Sydney,"1,001"
Amari,997
Teagan,996
Adriana,995
Payton,990
Rosemary,986
Laila,985
London,984
Angelina,982
Alayna,978
Kendall,978
Rebecca,977
Maggie,974
Adelyn,972
Evelynn,971
Thea,970
Amina,969
Tessa,960
Kayla,951
Esme,944
Mckenna,940
Nicole,940
Regina,937
Luciana,933
Julianna,930
Nayeli,929
Catherine,928
Alyssa,927
Journey,923
Dream,920
Camilla,918
Ariyah,917
Nina,917
Joanna,915
Mya,911
Annabelle,905
Esmeralda,904
Lauren,898
Fatima,893
Giselle,887
Harley,885
Jocelyn,885
Phoenix,866
Trinity,866
Malani,865
Heidi,864
Meadow,864
Raya,862
Paige,860
Jayla,857
Logan,856
Leighton,850
Charlee,848
Viviana,844
Madilyn,842
Raven,841
Amora,840
Navy,840
Itzel,839
Laura,837
Emory,834
Azalea,833
Hayden,831
Aniyah,826
Winter,826
Aurelia,825
Alivia,822
Brooklynn,821
Francesca,820
Serena,817
Lilliana,813
Gracelynn,812
Kalani,810
Aisha,809
Gwendolyn,808
Elaine,806
Nylah,804
Hattie,801
Wynter,801
Adelynn,796
Adelina,790
Alessandra,788
Mylah,788
Alayah,787
Anaya,784
Julieta,783
Rosie,779
Mariah,777
Demi,776
Raelyn,771
Sabrina,770
Helen,768
Everlee,765
Astrid,764
Fiona,764
Michelle,763
Xiomara,761
Briella,758
Alexandria,755
Frances,755
Sunny,749
Sarai,748
Alaya,744
Melissa,742
Veronica,741
Mira,740
Zariah,740
Brynn,739
Reign,739
Maryam,738
Lana,734
Arielle,729
Raegan,729
Remington,729
Salem,729
Elisa,728
Aylin,726
Emely,726
Carolina,725
Sylvie,725
Sylvia,722
Annalise,719
Willa,717
Mallory,713
Kira,712
Daniella,711
Elora,710
Saige,710
Carmen,709
Charli,708
Mckenzie,707
Matilda,706
Miracle,706
Destiny,704
Alicia,699
Elle,696
Colette,695
Anya,694
Madeleine,688
Oaklee,685
Skye,683
Cali,682
Daleyza,682
Alexis,681
Holly,681
Katalina,681
Miley,681
Alanna,676
Felicity,676
Joy,676
Helena,675
Makayla,675
Amirah,669
Maia,669
Armani,668
Alma,663
Anahi,661
Ari,660
Bianca,659
Scarlet,659
Amiyah,658
Dorothy,658
Stephanie,654
Fernanda,653
Briana,652
Alison,651
Lorelai,650
Renata,650
Macie,648
Makenna,648
Imani,645
Jimena,639
Kate,639
Liana,638
Cameron,637
Lyra,636
Maddison,634
Izabella,630
Amanda,629
Lorelei,628
Dayana,627
Gracelyn,626
Opal,624
Nadia,622
Brinley,620
Madelynn,620
Calliope,618
Paris,618
Camryn,617
Danielle,617
Cassidy,616
Cecelia,614
Haisley,614
Jordan,613
Faye,610